{"mean":{"confidence_interval":{"confidence_level":0.95,"lower_bound":-0.005372801524745423,"upper_bound":0.0020591115553371146},"point_estimate":-0.0015325930458984782,"standard_error":0.0018984682240921595},"median":{"confidence_interval":{"confidence_level":0.95,"lower_bound":-0.0034135623977652463,"upper_bound":0.005040325199052731},"point_estimate":0.0006919223047034961,"standard_error":0.0021020151450535864}}