{"mean":{"confidence_interval":{"confidence_level":0.95,"lower_bound":-0.008048363340558256,"upper_bound":0.00474616387014544},"point_estimate":-0.0017899761498366695,"standard_error":0.0032657419656181067},"median":{"confidence_interval":{"confidence_level":0.95,"lower_bound":-0.00016261360209846482,"upper_bound":0.013128039791800994},"point_estimate":0.005974994945736611,"standard_error":0.003068187682747824}}