{"mean":{"confidence_interval":{"confidence_level":0.95,"lower_bound":-0.01593077983034365,"upper_bound":0.00003988257317999452},"point_estimate":-0.007197454291993477,"standard_error":0.004071073019519554},"median":{"confidence_interval":{"confidence_level":0.95,"lower_bound":-0.009399131584725606,"upper_bound":-0.002011144976653334},"point_estimate":-0.005364258688576151,"standard_error":0.0019953341858542357}}