{"mean":{"confidence_interval":{"confidence_level":0.95,"lower_bound":-0.29173882298832904,"upper_bound":-0.04079823859961989},"point_estimate":-0.17479468278803345,"standard_error":0.06421704187296218},"median":{"confidence_interval":{"confidence_level":0.95,"lower_bound":-0.37566034912430596,"upper_bound":-0.033309834930075666},"point_estimate":-0.23287729154049286,"standard_error":0.09049658751579455}}