{"mean":{"confidence_interval":{"confidence_level":0.95,"lower_bound":-0.4898298281279766,"upper_bound":-0.4009108097486197},"point_estimate":-0.44781735964800906,"standard_error":0.022754312264356837},"median":{"confidence_interval":{"confidence_level":0.95,"lower_bound":-0.48839990028485736,"upper_bound":-0.40476842934741025},"point_estimate":-0.445901272015901,"standard_error":0.02158585597359617}}