{"mean":{"confidence_interval":{"confidence_level":0.95,"lower_bound":0.03173355937840086,"upper_bound":0.056632531685100934},"point_estimate":0.04357559428634583,"standard_error":0.006293794126794642},"median":{"confidence_interval":{"confidence_level":0.95,"lower_bound":0.0189555109712638,"upper_bound":0.03756748901998397},"point_estimate":0.026609843181944592,"standard_error":0.004762045094482259}}