{"mean":{"confidence_interval":{"confidence_level":0.95,"lower_bound":-0.033579758313595616,"upper_bound":-0.016377044911532006},"point_estimate":-0.024680737911319972,"standard_error":0.004394674393319372},"median":{"confidence_interval":{"confidence_level":0.95,"lower_bound":-0.046305823816801706,"upper_bound":-0.021300047204420462},"point_estimate":-0.03275733517229151,"standard_error":0.0067782843942372955}}