{"mean":{"confidence_interval":{"confidence_level":0.95,"lower_bound":-0.7479499991187519,"upper_bound":-0.5216957001683032},"point_estimate":-0.6455801099206906,"standard_error":0.05798668818800219},"median":{"confidence_interval":{"confidence_level":0.95,"lower_bound":-0.8492301801476724,"upper_bound":-0.8190792702339675},"point_estimate":-0.8386477927687107,"standard_error":0.007499350170524601}}