{"mean":{"confidence_interval":{"confidence_level":0.95,"lower_bound":-0.048062299395604496,"upper_bound":0.288677830150021},"point_estimate":0.10755960522326924,"standard_error":0.08596494525486635},"median":{"confidence_interval":{"confidence_level":0.95,"lower_bound":0.17646989540389746,"upper_bound":0.7695789166959704},"point_estimate":0.3700526718282271,"standard_error":0.16844158680686305}}