{"mean":{"confidence_interval":{"confidence_level":0.95,"lower_bound":-0.004335412955320064,"upper_bound":0.008498792207821897},"point_estimate":0.00209623540220516,"standard_error":0.0032889493166457693},"median":{"confidence_interval":{"confidence_level":0.95,"lower_bound":-0.0016034545153895685,"upper_bound":0.011449649670923323},"point_estimate":0.006835956074054961,"standard_error":0.003257224762979477}}