{"mean":{"confidence_interval":{"confidence_level":0.95,"lower_bound":-0.03557761514954747,"upper_bound":-0.02574882718942496},"point_estimate":-0.030660674217492523,"standard_error":0.0025144209507950337},"median":{"confidence_interval":{"confidence_level":0.95,"lower_bound":-0.035601884401881834,"upper_bound":-0.02170791897289981},"point_estimate":-0.028315299972101693,"standard_error":0.0035877398044839815}}