{"mean":{"confidence_interval":{"confidence_level":0.95,"lower_bound":0.09072128661730382,"upper_bound":0.2729570991944124},"point_estimate":0.16528285301192303,"standard_error":0.04641503230781897},"median":{"confidence_interval":{"confidence_level":0.95,"lower_bound":-0.0007488879817979521,"upper_bound":0.016795931196068148},"point_estimate":0.006447547336613457,"standard_error":0.004388899105693778}}