{"mean":{"confidence_interval":{"confidence_level":0.95,"lower_bound":-0.008159727892171908,"upper_bound":0.002639271889898908},"point_estimate":-0.0026248264682494638,"standard_error":0.002764539153419513},"median":{"confidence_interval":{"confidence_level":0.95,"lower_bound":-0.005780592556242303,"upper_bound":0.0022958495982456917},"point_estimate":-0.001069391153250998,"standard_error":0.0020653191652253247}}