{"mean":{"confidence_interval":{"confidence_level":0.95,"lower_bound":-0.011847035998934493,"upper_bound":-0.0017563138286625455},"point_estimate":-0.006914087446484696,"standard_error":0.0025846174428759204},"median":{"confidence_interval":{"confidence_level":0.95,"lower_bound":-0.013434510904216435,"upper_bound":-0.0049645696108354676},"point_estimate":-0.009776074217836328,"standard_error":0.0021285880819151884}}