{"mean":{"confidence_interval":{"confidence_level":0.95,"lower_bound":2.2584935267018262,"upper_bound":2.2871951145165226},"point_estimate":2.2718268140975595,"standard_error":0.007355514204099365},"median":{"confidence_interval":{"confidence_level":0.95,"lower_bound":2.241457329512748,"upper_bound":2.2512354651011868},"point_estimate":2.245269363269,"standard_error":0.002248681721306325},"median_abs_dev":{"confidence_interval":{"confidence_level":0.95,"lower_bound":0.007400060755098132,"upper_bound":0.019374780762646145},"point_estimate":0.012054555919030397,"standard_error":0.0029202067343635546},"slope":{"confidence_interval":{"confidence_level":0.95,"lower_bound":2.2489542876776816,"upper_bound":2.275877174529228},"point_estimate":2.2602132468340503,"standard_error":0.006998087967107751},"std_dev":{"confidence_interval":{"confidence_level":0.95,"lower_bound":0.047561989409147194,"upper_bound":0.09493338998593889},"point_estimate":0.07413953880877397,"standard_error":0.012126000869531283}}