{"mean":{"confidence_interval":{"confidence_level":0.95,"lower_bound":-0.010343436729430944,"upper_bound":0.014556767606598131},"point_estimate":0.0007487500690486204,"standard_error":0.006349346613955318},"median":{"confidence_interval":{"confidence_level":0.95,"lower_bound":-0.009719484985378113,"upper_bound":0.0041599453544147735},"point_estimate":-0.0020070574752496517,"standard_error":0.0034702453601626066}}