{"mean":{"confidence_interval":{"confidence_level":0.95,"lower_bound":-0.05190671497698827,"upper_bound":-0.03177350475029241},"point_estimate":-0.041425296899148534,"standard_error":0.005135645100428219},"median":{"confidence_interval":{"confidence_level":0.95,"lower_bound":-0.042913512162073696,"upper_bound":-0.028891889088400458},"point_estimate":-0.03750953437308857,"standard_error":0.00345197689574429}}