{"mean":{"confidence_interval":{"confidence_level":0.95,"lower_bound":1144.93698625428,"upper_bound":1319.690009807401},"point_estimate":1225.095300217335,"standard_error":44.73946176767129},"median":{"confidence_interval":{"confidence_level":0.95,"lower_bound":1048.4745997384732,"upper_bound":1063.885190564566},"point_estimate":1054.1003110308452,"standard_error":3.511199679651347},"median_abs_dev":{"confidence_interval":{"confidence_level":0.95,"lower_bound":25.509839803726628,"upper_bound":47.51524165619827},"point_estimate":34.038966498083994,"standard_error":5.456549160032948},"slope":{"confidence_interval":{"confidence_level":0.95,"lower_bound":1291.1382723651354,"upper_bound":1628.3278299768965},"point_estimate":1456.4817925193163,"standard_error":86.15912848090014},"std_dev":{"confidence_interval":{"confidence_level":0.95,"lower_bound":271.0720952518955,"upper_bound":601.6869235023684},"point_estimate":449.0468063757249,"standard_error":84.50326359026467}}