{"mean":{"confidence_interval":{"confidence_level":0.95,"lower_bound":-0.03971302780874202,"upper_bound":-0.023042879078453656},"point_estimate":-0.031213872761724937,"standard_error":0.0042516680824386845},"median":{"confidence_interval":{"confidence_level":0.95,"lower_bound":-0.025531612384084242,"upper_bound":-0.016287115871137847},"point_estimate":-0.019866862814111208,"standard_error":0.0022888840515329226}}