{"mean":{"confidence_interval":{"confidence_level":0.95,"lower_bound":-0.05318997218643752,"upper_bound":-0.023529019625392836},"point_estimate":-0.03762663602559324,"standard_error":0.0075914277468960975},"median":{"confidence_interval":{"confidence_level":0.95,"lower_bound":-0.03194796385169185,"upper_bound":-0.010115585686546358},"point_estimate":-0.019513207951166178,"standard_error":0.005614027601130327}}