{"mean":{"confidence_interval":{"confidence_level":0.95,"lower_bound":-0.016465533177177378,"upper_bound":0.0026149202253856405},"point_estimate":-0.006815539818873395,"standard_error":0.0048668374303581785},"median":{"confidence_interval":{"confidence_level":0.95,"lower_bound":-0.0020444767114410783,"upper_bound":0.0026577957126669993},"point_estimate":0.0006935710853048782,"standard_error":0.0012639892639149254}}